{"coef": [[-4853.257075424509, -530.0242848557343, -4618.703951812938, 1140.8884068176967, -3530.9455602492103], [702.073167636313, -670.1519268549301, 669.7841762548903, -1806.0637087524574, 183.47378312895933]], "intercept": [5041.206039237429, 1192.83441582053], "alpha": 0.05}